                  epoch,         train/box_loss,         train/cls_loss,         train/dfl_loss,   metrics/precision(B),      metrics/recall(B),       metrics/mAP50(B),    metrics/mAP50-95(B),           val/box_loss,           val/cls_loss,           val/dfl_loss,                 lr/pg0,                 lr/pg1,                 lr/pg2
                      1,                 1.0732,                 2.0879,                 1.2154,                0.97669,                0.38945,                 0.8338,                0.58811,                 1.0326,                 2.6056,                  1.177,             0.00054712,             0.00054712,             0.00054712
                      2,                0.96147,                 1.4368,                 1.1816,                0.89905,                0.85655,                0.93057,                0.66264,                 1.0011,                 1.7226,                 1.1587,             0.00088443,             0.00088443,             0.00088443
                      3,                0.96171,                 1.2747,                 1.1748,                0.87236,                0.89784,                0.91372,                0.66042,                0.98848,                 1.6932,                  1.153,              0.0010017,              0.0010017,              0.0010017
                      4,                0.93926,                  1.232,                 1.1751,                0.95405,                0.92049,                0.96366,                0.75496,                0.81595,                 1.2205,                 1.1035,              0.0006768,              0.0006768,              0.0006768
                      5,                0.85181,                 1.1055,                  1.126,                0.95296,                0.94762,                 0.9692,                0.78702,                0.72939,                 1.1051,                 1.0671,             0.00034674,             0.00034674,             0.00034674
